,Unnamed: 0,AUTHOR,EXHIBITID,TITLE,DATE,TECHNIQUE,LOCATION,URL,Img_URL,TYPE,DESCRIPTION,cluster_id
0,0,REMBRANDT Harmenszoon van Rijn,1,The Baptism of the Eunuch,1626,"Oil on oak panel, 64 x 48 cm","Museum Catharijneconvent, Utrecht",https://www.wga.hu/html/r/rembrand/11biblic/02newtet.html,https://www.wga.hu/art/r/rembrand/11biblic/02newtet.jpg,religious,"Rembrandt went to Amsterdam in 1624 to develop his artistic skills in the workshop of Pieter Lastman. Lastman, a Catholic, had spent some time in Italy and gave a course on the treatment of biblical and mythological subjects which opened up new horizons for Rembrandt. He learnt how to arrange multi-figure compositions, and how to evoke historical place and time through he use of lavish, colourful costumes. Lastman also inspired Rembrandt's painting of The Baptism of the Eunuch, a subject favoured by both Catholics and Protestants.",1
1,1,REMBRANDT Harmenszoon van Rijn,1,Apostle Paul in Prison,1627,"Oil on oak panel, 73 x 60 cm","Staatsgalerie, Stuttgart",https://www.wga.hu/html/r/rembrand/11biblic/03newtes.html,https://www.wga.hu/art/r/rembrand/11biblic/03newtes.jpg,religious,"Rembrandt went to Amsterdam in 1624 to develop his artistic skills in the workshop of Pieter Lastman. Lastman, a Catholic, had spent some time in Italy and gave a course on the treatment of biblical and mythological subjects which opened up new horizons for Rembrandt. He learnt how to arrange multi-figure compositions, and how to evoke historical place and time through he use of lavish, colourful costumes. Lastman also inspired Rembrandt's painting of The Baptism of the Eunuch, a subject favoured by both Catholics and Protestants.",1
2,2,REMBRANDT Harmenszoon van Rijn,1,The Holy Family,1634,"Oil on canvas, 183 x 123 cm","Alte Pinakothek, Munich",https://www.wga.hu/html/r/rembrand/11biblic/16newtes.html,https://www.wga.hu/art/r/rembrand/11biblic/16newtes.jpg,religious,"Rembrandt went to Amsterdam in 1624 to develop his artistic skills in the workshop of Pieter Lastman. Lastman, a Catholic, had spent some time in Italy and gave a course on the treatment of biblical and mythological subjects which opened up new horizons for Rembrandt. He learnt how to arrange multi-figure compositions, and how to evoke historical place and time through he use of lavish, colourful costumes. Lastman also inspired Rembrandt's painting of The Baptism of the Eunuch, a subject favoured by both Catholics and Protestants.",1
3,3,REMBRANDT Harmenszoon van Rijn,1,The Risen Christ Appearing to Mary Magdalen,1638,"Oil on wood, 61 x 50 cm","Royal Collection, Buckingham Palace, London",https://www.wga.hu/html/r/rembrand/11biblic/17newtes.html,https://www.wga.hu/art/r/rembrand/11biblic/17newtes.jpg,religious,"Rembrandt went to Amsterdam in 1624 to develop his artistic skills in the workshop of Pieter Lastman. Lastman, a Catholic, had spent some time in Italy and gave a course on the treatment of biblical and mythological subjects which opened up new horizons for Rembrandt. He learnt how to arrange multi-figure compositions, and how to evoke historical place and time through he use of lavish, colourful costumes. Lastman also inspired Rembrandt's painting of The Baptism of the Eunuch, a subject favoured by both Catholics and Protestants.",1
4,4,REMBRANDT Harmenszoon van Rijn,1,The Ascension of Christ,1636,"Oil on canvas, 93 x 69 cm","Alte Pinakothek, Munich",https://www.wga.hu/html/r/rembrand/12passio/05passio.html,https://www.wga.hu/art/r/rembrand/12passio/05passio.jpg,religious,"Rembrandt went to Amsterdam in 1624 to develop his artistic skills in the workshop of Pieter Lastman. Lastman, a Catholic, had spent some time in Italy and gave a course on the treatment of biblical and mythological subjects which opened up new horizons for Rembrandt. He learnt how to arrange multi-figure compositions, and how to evoke historical place and time through he use of lavish, colourful costumes. Lastman also inspired Rembrandt's painting of The Baptism of the Eunuch, a subject favoured by both Catholics and Protestants.",1
5,5,REMBRANDT Harmenszoon van Rijn,1,Adoration of the Shepherds,1646,"Oil on canvas, 97 x 72 cm","Alte Pinakothek, Munich",https://www.wga.hu/html/r/rembrand/12passio/06passio.html,https://www.wga.hu/art/r/rembrand/12passio/06passio.jpg,religious,"Rembrandt went to Amsterdam in 1624 to develop his artistic skills in the workshop of Pieter Lastman. Lastman, a Catholic, had spent some time in Italy and gave a course on the treatment of biblical and mythological subjects which opened up new horizons for Rembrandt. He learnt how to arrange multi-figure compositions, and how to evoke historical place and time through he use of lavish, colourful costumes. Lastman also inspired Rembrandt's painting of The Baptism of the Eunuch, a subject favoured by both Catholics and Protestants.",1
6,6,REMBRANDT Harmenszoon van Rijn,1,Holy Family with St Anne,1640,"Oil on wood, 41 x 34 cm","MusÃÂ©e du Louvre, Paris",https://www.wga.hu/html/r/rembrand/13biblic/31newtes.html,https://www.wga.hu/art/r/rembrand/13biblic/31newtes.jpg,religious,"Rembrandt went to Amsterdam in 1624 to develop his artistic skills in the workshop of Pieter Lastman. Lastman, a Catholic, had spent some time in Italy and gave a course on the treatment of biblical and mythological subjects which opened up new horizons for Rembrandt. He learnt how to arrange multi-figure compositions, and how to evoke historical place and time through he use of lavish, colourful costumes. Lastman also inspired Rembrandt's painting of The Baptism of the Eunuch, a subject favoured by both Catholics and Protestants.",1
7,7,REMBRANDT Harmenszoon van Rijn,1,Christ and the Woman Taken in Adultery,1644,"Oil on wood, 84 x 65 cm","National Gallery, London",https://www.wga.hu/html/r/rembrand/13biblic/32newtes.html,https://www.wga.hu/art/r/rembrand/13biblic/32newtes.jpg,religious,"Rembrandt went to Amsterdam in 1624 to develop his artistic skills in the workshop of Pieter Lastman. Lastman, a Catholic, had spent some time in Italy and gave a course on the treatment of biblical and mythological subjects which opened up new horizons for Rembrandt. He learnt how to arrange multi-figure compositions, and how to evoke historical place and time through he use of lavish, colourful costumes. Lastman also inspired Rembrandt's painting of The Baptism of the Eunuch, a subject favoured by both Catholics and Protestants.",1
8,8,REMBRANDT Harmenszoon van Rijn,1,Joseph's Dream,1645,"Oil on mahogany panel, 20 x 27 cm","Staatliche Museen, Berlin",https://www.wga.hu/html/r/rembrand/13biblic/33newtes.html,https://www.wga.hu/art/r/rembrand/13biblic/33newtes.jpg,religious,"Rembrandt went to Amsterdam in 1624 to develop his artistic skills in the workshop of Pieter Lastman. Lastman, a Catholic, had spent some time in Italy and gave a course on the treatment of biblical and mythological subjects which opened up new horizons for Rembrandt. He learnt how to arrange multi-figure compositions, and how to evoke historical place and time through he use of lavish, colourful costumes. Lastman also inspired Rembrandt's painting of The Baptism of the Eunuch, a subject favoured by both Catholics and Protestants.",1
9,9,"GAUGUIN, Paul",2,"Interior of the Artist's Home, Rue Carcel",1881,"Oil on canvas, 130 x 162 cm","Nasjonalgalleriet, Oslo",https://www.wga.hu/html/g/gauguin/01/early05.html,https://www.wga.hu/art/g/gauguin/01/early05.jpg,interior,"In 1881, at the time of painting this work, Gauguin still had a successful career in stockbroking. The affluent lifestyle that this gave the family, including his wife Mette (probably the woman seated at the upright piano) and their four children is made clear in this painting. The solid bourgeois respectability is reflected in the cosy interior and the domestic comforts made evident in the foreground by the prominent still-life and the small work basket on the table.",1
10,10,"GAUGUIN, Paul",2,Madame Mette Gauguin,1884,"Oil on canvas, 65 x 54 cm","Nasjonalgalleriet, Oslo",https://www.wga.hu/html/g/gauguin/01/early09.html,https://www.wga.hu/art/g/gauguin/01/early09.jpg,portrait,"In 1881, at the time of painting this work, Gauguin still had a successful career in stockbroking. The affluent lifestyle that this gave the family, including his wife Mette (probably the woman seated at the upright piano) and their four children is made clear in this painting. The solid bourgeois respectability is reflected in the cosy interior and the domestic comforts made evident in the foreground by the prominent still-life and the small work basket on the table.",0
11,11,"GAUGUIN, Paul",2,Still-Life with Mandoline,1885,"Oil on canvas, 64 x 53 cm","MusÃÂ©e d'Orsay, Paris",https://www.wga.hu/html/g/gauguin/01/early11.html,https://www.wga.hu/art/g/gauguin/01/early11.jpg,still-life,"In 1881, at the time of painting this work, Gauguin still had a successful career in stockbroking. The affluent lifestyle that this gave the family, including his wife Mette (probably the woman seated at the upright piano) and their four children is made clear in this painting. The solid bourgeois respectability is reflected in the cosy interior and the domestic comforts made evident in the foreground by the prominent still-life and the small work basket on the table.",0
12,12,"GAUGUIN, Paul",2,The Beach at Dieppe,1885,"Oil on canvas, 72 x 72 cm","Ny Carlsberg Glyptotek, Copenhagen",https://www.wga.hu/html/g/gauguin/01/early13.html,https://www.wga.hu/art/g/gauguin/01/early13.jpg,landscape,"In 1881, at the time of painting this work, Gauguin still had a successful career in stockbroking. The affluent lifestyle that this gave the family, including his wife Mette (probably the woman seated at the upright piano) and their four children is made clear in this painting. The solid bourgeois respectability is reflected in the cosy interior and the domestic comforts made evident in the foreground by the prominent still-life and the small work basket on the table.",0
13,13,"GAUGUIN, Paul",2,Watering,1885,"Oil on canvas, 81 x 65 cm","Galleria d'Arte Moderna, Milan",https://www.wga.hu/html/g/gauguin/01/early14.html,https://www.wga.hu/art/g/gauguin/01/early14.jpg,landscape,"In 1881, at the time of painting this work, Gauguin still had a successful career in stockbroking. The affluent lifestyle that this gave the family, including his wife Mette (probably the woman seated at the upright piano) and their four children is made clear in this painting. The solid bourgeois respectability is reflected in the cosy interior and the domestic comforts made evident in the foreground by the prominent still-life and the small work basket on the table.",1
14,14,"GAUGUIN, Paul",2,Picking Mangoes,1887,"Oil on canvas, 61 x 116 cm","Rijksmuseum Vincent van Gogh, Amsterdam",https://www.wga.hu/html/g/gauguin/02/2martin3.html,https://www.wga.hu/art/g/gauguin/02/2martin3.jpg,landscape,"In 1881, at the time of painting this work, Gauguin still had a successful career in stockbroking. The affluent lifestyle that this gave the family, including his wife Mette (probably the woman seated at the upright piano) and their four children is made clear in this painting. The solid bourgeois respectability is reflected in the cosy interior and the domestic comforts made evident in the foreground by the prominent still-life and the small work basket on the table.",0
15,15,"GAUGUIN, Paul",2,Two Girls Bathing,1887,"Oil on canvas, 92 x 72 cm","Museo Nacional de Bellas Artes, Buenos Aires",https://www.wga.hu/html/g/gauguin/02/2martin4.html,https://www.wga.hu/art/g/gauguin/02/2martin4.jpg,other,"In 1881, at the time of painting this work, Gauguin still had a successful career in stockbroking. The affluent lifestyle that this gave the family, including his wife Mette (probably the woman seated at the upright piano) and their four children is made clear in this painting. The solid bourgeois respectability is reflected in the cosy interior and the domestic comforts made evident in the foreground by the prominent still-life and the small work basket on the table.",1
16,16,"GAUGUIN, Paul",2,Still-Life with Three Puppies,1888,"Oil on wood, 92 x 63 cm","Museum of Modern Art, New York",https://www.wga.hu/html/g/gauguin/02/3ponta03.html,https://www.wga.hu/art/g/gauguin/02/3ponta03.jpg,still-life,"In 1881, at the time of painting this work, Gauguin still had a successful career in stockbroking. The affluent lifestyle that this gave the family, including his wife Mette (probably the woman seated at the upright piano) and their four children is made clear in this painting. The solid bourgeois respectability is reflected in the cosy interior and the domestic comforts made evident in the foreground by the prominent still-life and the small work basket on the table.",2
17,17,"GAUGUIN, Paul",2,"Still-Life, FÃÂªte Gloanec",1888,"Oil on canvas, 37 x 53 cm","MusÃÂ©e des Beaux-Arts, OrlÃÂ©ans",https://www.wga.hu/html/g/gauguin/02/3ponta08.html,https://www.wga.hu/art/g/gauguin/02/3ponta08.jpg,still-life,"In 1881, at the time of painting this work, Gauguin still had a successful career in stockbroking. The affluent lifestyle that this gave the family, including his wife Mette (probably the woman seated at the upright piano) and their four children is made clear in this painting. The solid bourgeois respectability is reflected in the cosy interior and the domestic comforts made evident in the foreground by the prominent still-life and the small work basket on the table.",0
18,18,"GAUGUIN, Paul",2,Haymaking in Brittany,1888,"Oil on canvas, 73 x 92 cm","MusÃÂ©e d'Orsay, Paris",https://www.wga.hu/html/g/gauguin/02/3ponta09.html,https://www.wga.hu/art/g/gauguin/02/3ponta09.jpg,landscape,"In 1881, at the time of painting this work, Gauguin still had a successful career in stockbroking. The affluent lifestyle that this gave the family, including his wife Mette (probably the woman seated at the upright piano) and their four children is made clear in this painting. The solid bourgeois respectability is reflected in the cosy interior and the domestic comforts made evident in the foreground by the prominent still-life and the small work basket on the table.",2
19,19,"GAUGUIN, Paul",2,Caribbean Woman with Sunflowers,1889,"Oil on canvas, 64 x 54 cm",Private collection,https://www.wga.hu/html/g/gauguin/02/6pould03.html,https://www.wga.hu/art/g/gauguin/02/6pould03.jpg,other,"In 1881, at the time of painting this work, Gauguin still had a successful career in stockbroking. The affluent lifestyle that this gave the family, including his wife Mette (probably the woman seated at the upright piano) and their four children is made clear in this painting. The solid bourgeois respectability is reflected in the cosy interior and the domestic comforts made evident in the foreground by the prominent still-life and the small work basket on the table.",0
20,20,"GAUGUIN, Paul",2,The Yellow Christ,1889,"Oil on canvas, 92 x 73 cm","Albright-Knox Art Gallery, Buffalo",https://www.wga.hu/html/g/gauguin/02/6pould05.html,https://www.wga.hu/art/g/gauguin/02/6pould05.jpg,religious,"In 1881, at the time of painting this work, Gauguin still had a successful career in stockbroking. The affluent lifestyle that this gave the family, including his wife Mette (probably the woman seated at the upright piano) and their four children is made clear in this painting. The solid bourgeois respectability is reflected in the cosy interior and the domestic comforts made evident in the foreground by the prominent still-life and the small work basket on the table.",0
21,21,"GAUGUIN, Paul",2,Street in Tahiti,1891,"Oil on canvas, 116 x 89 cm","Toledo Museum of Art, Toledo, Ohio",https://www.wga.hu/html/g/gauguin/04/tahiti11.html,https://www.wga.hu/art/g/gauguin/04/tahiti11.jpg,landscape,"In 1881, at the time of painting this work, Gauguin still had a successful career in stockbroking. The affluent lifestyle that this gave the family, including his wife Mette (probably the woman seated at the upright piano) and their four children is made clear in this painting. The solid bourgeois respectability is reflected in the cosy interior and the domestic comforts made evident in the foreground by the prominent still-life and the small work basket on the table.",0
22,22,"GAUGUIN, Paul",2,Sunflowers in a Chair,1901,"Oil on canvas, 72 x 91 cm","The Hermitage, St. Petersburg",https://www.wga.hu/html/g/gauguin/07/marque04.html,https://www.wga.hu/art/g/gauguin/07/marque04.jpg,still-life,"In 1881, at the time of painting this work, Gauguin still had a successful career in stockbroking. The affluent lifestyle that this gave the family, including his wife Mette (probably the woman seated at the upright piano) and their four children is made clear in this painting. The solid bourgeois respectability is reflected in the cosy interior and the domestic comforts made evident in the foreground by the prominent still-life and the small work basket on the table.",1
23,23,"GOYA Y LUCIENTES, Francisco de",3,The Meadow of San Isidro on his Feast Day,1788,"Oil on canvas, 44 x 94 cm","Museo del Prado, Madrid",https://www.wga.hu/html/g/goya/2/212goya.html,https://www.wga.hu/art/g/goya/2/212goya.jpg,landscape,"This was one of the sketches for a tapestry cartoon that was never executed, due to the death of Charles III, who had commissioned them. It was among the sketches sold to the Duke of Osuna in 1799. The scene represents the most popular festival in the Madrid calendar, which is still celebrated on 15 May, the feast day of the city's patron saint, Isidore the Labourer. In a letter to his friend Zapater in Saragossa, Goya wrote of the difficulties of such a subject especially as he had to finish this painting by the saint's day 'with all the bustle of the court'. It is in fact a rare example of a landscape by Goya, taken from the far side of the Manzanares River with the city's landmarks on the horizon, and in the foreground the crowds amusing themselves as at a fair, the pilgrims hard to distinguish among the animated crowds.",2
24,24,"GOYA Y LUCIENTES, Francisco de",3,Witches' Sabbath,1789,"Oil on canvas, 43 x 30 cm","Museo LÃÂ¡zaro Galdiano, Madrid",https://www.wga.hu/html/g/goya/2/218goya.html,https://www.wga.hu/art/g/goya/2/218goya.jpg,other,"This was one of the sketches for a tapestry cartoon that was never executed, due to the death of Charles III, who had commissioned them. It was among the sketches sold to the Duke of Osuna in 1799. The scene represents the most popular festival in the Madrid calendar, which is still celebrated on 15 May, the feast day of the city's patron saint, Isidore the Labourer. In a letter to his friend Zapater in Saragossa, Goya wrote of the difficulties of such a subject especially as he had to finish this painting by the saint's day 'with all the bustle of the court'. It is in fact a rare example of a landscape by Goya, taken from the far side of the Manzanares River with the city's landmarks on the horizon, and in the foreground the crowds amusing themselves as at a fair, the pilgrims hard to distinguish among the animated crowds.",1
25,25,"GOYA Y LUCIENTES, Francisco de",3,SebastiÃÂ¡n MartÃÂ­nez,1792,"Oil on canvas, 93 x 68 cm","Metropolitan Museum of Art, New York",https://www.wga.hu/html/g/goya/3/304goya.html,https://www.wga.hu/art/g/goya/3/304goya.jpg,portrait,"This was one of the sketches for a tapestry cartoon that was never executed, due to the death of Charles III, who had commissioned them. It was among the sketches sold to the Duke of Osuna in 1799. The scene represents the most popular festival in the Madrid calendar, which is still celebrated on 15 May, the feast day of the city's patron saint, Isidore the Labourer. In a letter to his friend Zapater in Saragossa, Goya wrote of the difficulties of such a subject especially as he had to finish this painting by the saint's day 'with all the bustle of the court'. It is in fact a rare example of a landscape by Goya, taken from the far side of the Manzanares River with the city's landmarks on the horizon, and in the foreground the crowds amusing themselves as at a fair, the pilgrims hard to distinguish among the animated crowds.",1
26,26,"GOYA Y LUCIENTES, Francisco de",3,The Yard of a Madhouse,1794,"Oil on tinplate, 43,8 x 31,7 cm","Meadows Museum, Dallas",https://www.wga.hu/html/g/goya/3/309goya.html,https://www.wga.hu/art/g/goya/3/309goya.jpg,other,"This was one of the sketches for a tapestry cartoon that was never executed, due to the death of Charles III, who had commissioned them. It was among the sketches sold to the Duke of Osuna in 1799. The scene represents the most popular festival in the Madrid calendar, which is still celebrated on 15 May, the feast day of the city's patron saint, Isidore the Labourer. In a letter to his friend Zapater in Saragossa, Goya wrote of the difficulties of such a subject especially as he had to finish this painting by the saint's day 'with all the bustle of the court'. It is in fact a rare example of a landscape by Goya, taken from the far side of the Manzanares River with the city's landmarks on the horizon, and in the foreground the crowds amusing themselves as at a fair, the pilgrims hard to distinguish among the animated crowds.",1
27,27,"GOYA Y LUCIENTES, Francisco de",3,The Duchess of Alba,1795,"Oil on canvas, 194 x 130 cm","Collection of the Duchess of Alba, Madrid",https://www.wga.hu/html/g/goya/3/312goya.html,https://www.wga.hu/art/g/goya/3/312goya.jpg,portrait,"This was one of the sketches for a tapestry cartoon that was never executed, due to the death of Charles III, who had commissioned them. It was among the sketches sold to the Duke of Osuna in 1799. The scene represents the most popular festival in the Madrid calendar, which is still celebrated on 15 May, the feast day of the city's patron saint, Isidore the Labourer. In a letter to his friend Zapater in Saragossa, Goya wrote of the difficulties of such a subject especially as he had to finish this painting by the saint's day 'with all the bustle of the court'. It is in fact a rare example of a landscape by Goya, taken from the far side of the Manzanares River with the city's landmarks on the horizon, and in the foreground the crowds amusing themselves as at a fair, the pilgrims hard to distinguish among the animated crowds.",0
28,28,"GOYA Y LUCIENTES, Francisco de",3,Portrait of the Duchess of Alba,1797,"Oil on canvas, 210 x 149 cm","Hispanic Society of America, New York",https://www.wga.hu/html/g/goya/4/402goya.html,https://www.wga.hu/art/g/goya/4/402goya.jpg,portrait,"This was one of the sketches for a tapestry cartoon that was never executed, due to the death of Charles III, who had commissioned them. It was among the sketches sold to the Duke of Osuna in 1799. The scene represents the most popular festival in the Madrid calendar, which is still celebrated on 15 May, the feast day of the city's patron saint, Isidore the Labourer. In a letter to his friend Zapater in Saragossa, Goya wrote of the difficulties of such a subject especially as he had to finish this painting by the saint's day 'with all the bustle of the court'. It is in fact a rare example of a landscape by Goya, taken from the far side of the Manzanares River with the city's landmarks on the horizon, and in the foreground the crowds amusing themselves as at a fair, the pilgrims hard to distinguish among the animated crowds.",0
29,29,"GOYA Y LUCIENTES, Francisco de",3,Ferdinand Guillemardet,1798,"Oil on canvas, 185 x 125 cm","MusÃÂ©e du Louvre, Paris",https://www.wga.hu/html/g/goya/4/406goya.html,https://www.wga.hu/art/g/goya/4/406goya.jpg,portrait,"This was one of the sketches for a tapestry cartoon that was never executed, due to the death of Charles III, who had commissioned them. It was among the sketches sold to the Duke of Osuna in 1799. The scene represents the most popular festival in the Madrid calendar, which is still celebrated on 15 May, the feast day of the city's patron saint, Isidore the Labourer. In a letter to his friend Zapater in Saragossa, Goya wrote of the difficulties of such a subject especially as he had to finish this painting by the saint's day 'with all the bustle of the court'. It is in fact a rare example of a landscape by Goya, taken from the far side of the Manzanares River with the city's landmarks on the horizon, and in the foreground the crowds amusing themselves as at a fair, the pilgrims hard to distinguish among the animated crowds.",1
30,30,"GOYA Y LUCIENTES, Francisco de",3,The Miracle of St Anthony (detail),1798,Fresco,"San Antonio de la Florida, Madrid",https://www.wga.hu/html/g/goya/4/409goya.html,https://www.wga.hu/art/g/goya/4/409goya.jpg,religious,"This was one of the sketches for a tapestry cartoon that was never executed, due to the death of Charles III, who had commissioned them. It was among the sketches sold to the Duke of Osuna in 1799. The scene represents the most popular festival in the Madrid calendar, which is still celebrated on 15 May, the feast day of the city's patron saint, Isidore the Labourer. In a letter to his friend Zapater in Saragossa, Goya wrote of the difficulties of such a subject especially as he had to finish this painting by the saint's day 'with all the bustle of the court'. It is in fact a rare example of a landscape by Goya, taken from the far side of the Manzanares River with the city's landmarks on the horizon, and in the foreground the crowds amusing themselves as at a fair, the pilgrims hard to distinguish among the animated crowds.",2
31,31,"GOYA Y LUCIENTES, Francisco de",3,Count FernÃÂ¡n NÃÂºnez,1803,"Oil on canvas, 211 x 137 cm","Collection FernÃÂ¡n NÃÂºnez, Madrid",https://www.wga.hu/html/g/goya/5/504goya.html,https://www.wga.hu/art/g/goya/5/504goya.jpg,portrait,"This was one of the sketches for a tapestry cartoon that was never executed, due to the death of Charles III, who had commissioned them. It was among the sketches sold to the Duke of Osuna in 1799. The scene represents the most popular festival in the Madrid calendar, which is still celebrated on 15 May, the feast day of the city's patron saint, Isidore the Labourer. In a letter to his friend Zapater in Saragossa, Goya wrote of the difficulties of such a subject especially as he had to finish this painting by the saint's day 'with all the bustle of the court'. It is in fact a rare example of a landscape by Goya, taken from the far side of the Manzanares River with the city's landmarks on the horizon, and in the foreground the crowds amusing themselves as at a fair, the pilgrims hard to distinguish among the animated crowds.",1
32,32,"GOYA Y LUCIENTES, Francisco de",3,"Portrait of JosÃÂ© Antonio, MarquÃÂ©s de Caballero",1807,"Oil on canvas, 105,5 x 84 cm","SzÃÂ©pmÃÂ»vÃÂ©szeti MÃÂºzeum, Budapest",https://www.wga.hu/html/g/goya/6/602goya.html,https://www.wga.hu/art/g/goya/6/602goya.jpg,portrait,"This was one of the sketches for a tapestry cartoon that was never executed, due to the death of Charles III, who had commissioned them. It was among the sketches sold to the Duke of Osuna in 1799. The scene represents the most popular festival in the Madrid calendar, which is still celebrated on 15 May, the feast day of the city's patron saint, Isidore the Labourer. In a letter to his friend Zapater in Saragossa, Goya wrote of the difficulties of such a subject especially as he had to finish this painting by the saint's day 'with all the bustle of the court'. It is in fact a rare example of a landscape by Goya, taken from the far side of the Manzanares River with the city's landmarks on the horizon, and in the foreground the crowds amusing themselves as at a fair, the pilgrims hard to distinguish among the animated crowds.",1
33,33,"GOYA Y LUCIENTES, Francisco de",3,Portrait of Victor Guye,1810,"Oil on canvas, 104,5 x 83,5 cm","National Gallery of Art, Washington",https://www.wga.hu/html/g/goya/6/609goya.html,https://www.wga.hu/art/g/goya/6/609goya.jpg,portrait,"This was one of the sketches for a tapestry cartoon that was never executed, due to the death of Charles III, who had commissioned them. It was among the sketches sold to the Duke of Osuna in 1799. The scene represents the most popular festival in the Madrid calendar, which is still celebrated on 15 May, the feast day of the city's patron saint, Isidore the Labourer. In a letter to his friend Zapater in Saragossa, Goya wrote of the difficulties of such a subject especially as he had to finish this painting by the saint's day 'with all the bustle of the court'. It is in fact a rare example of a landscape by Goya, taken from the far side of the Manzanares River with the city's landmarks on the horizon, and in the foreground the crowds amusing themselves as at a fair, the pilgrims hard to distinguish among the animated crowds.",1
34,34,"GOYA Y LUCIENTES, Francisco de",3,King Ferdinand VII with Royal Mantle,1814,"Oil on canvas, 212 x 146 cm","Museo del Prado, Madrid",https://www.wga.hu/html/g/goya/7/716goya.html,https://www.wga.hu/art/g/goya/7/716goya.jpg,portrait,"This was one of the sketches for a tapestry cartoon that was never executed, due to the death of Charles III, who had commissioned them. It was among the sketches sold to the Duke of Osuna in 1799. The scene represents the most popular festival in the Madrid calendar, which is still celebrated on 15 May, the feast day of the city's patron saint, Isidore the Labourer. In a letter to his friend Zapater in Saragossa, Goya wrote of the difficulties of such a subject especially as he had to finish this painting by the saint's day 'with all the bustle of the court'. It is in fact a rare example of a landscape by Goya, taken from the far side of the Manzanares River with the city's landmarks on the horizon, and in the foreground the crowds amusing themselves as at a fair, the pilgrims hard to distinguish among the animated crowds.",1
35,35,"MANET, Edouard",4,Spanish Ballet,1862,"Oil on canvas, 61 x 91 cm","Phillips Collection, Washington",https://www.wga.hu/html/m/manet/1/2spanis1.html,https://www.wga.hu/art/m/manet/1/2spanis1.jpg,other,"Manet's ""espagnolisme"" reached fever pitch in the 1860s, any subject was good so long as it was Spanish. When a Spanish ballet troupe came to Paris, Manet painted the troupe as a whole, some dancers raising their arms in a bashful adumbration of dance.",1
36,36,"MANET, Edouard",4,Music in the Tuileries Garden,1862,"Oil on canvas, 76 x 119 cm","National Gallery, London",https://www.wga.hu/html/m/manet/1/3early1.html,https://www.wga.hu/art/m/manet/1/3early1.jpg,other,"Manet's ""espagnolisme"" reached fever pitch in the 1860s, any subject was good so long as it was Spanish. When a Spanish ballet troupe came to Paris, Manet painted the troupe as a whole, some dancers raising their arms in a bashful adumbration of dance.",1
37,37,"MANET, Edouard",4,Vase of Peonies on a Pedestal,1864,"Oil on canvas, 93 x 70 cm","MusÃÂ©e d'Orsay, Paris",https://www.wga.hu/html/m/manet/1/6stilli1.html,https://www.wga.hu/art/m/manet/1/6stilli1.jpg,still-life,"Manet's ""espagnolisme"" reached fever pitch in the 1860s, any subject was good so long as it was Spanish. When a Spanish ballet troupe came to Paris, Manet painted the troupe as a whole, some dancers raising their arms in a bashful adumbration of dance.",1
38,38,"MANET, Edouard",4,The Reading,1868,"Oil on canvas, 61 x 74 cm","MusÃÂ©e d'Orsay, Paris",https://www.wga.hu/html/m/manet/2/2manet15.html,https://www.wga.hu/art/m/manet/2/2manet15.jpg,genre,"Manet's ""espagnolisme"" reached fever pitch in the 1860s, any subject was good so long as it was Spanish. When a Spanish ballet troupe came to Paris, Manet painted the troupe as a whole, some dancers raising their arms in a bashful adumbration of dance.",2
39,39,"MANET, Edouard",4,On the Beach,1873,"Oil on canvas, 60 x 74 cm","MusÃÂ©e d'Orsay, Paris",https://www.wga.hu/html/m/manet/3/3manet10.html,https://www.wga.hu/art/m/manet/3/3manet10.jpg,genre,"Manet's ""espagnolisme"" reached fever pitch in the 1860s, any subject was good so long as it was Spanish. When a Spanish ballet troupe came to Paris, Manet painted the troupe as a whole, some dancers raising their arms in a bashful adumbration of dance.",1
40,40,"MANET, Edouard",4,Boating,1874,"Oil on canvas, 97 x 130 cm","Metropolitan Museum of Art, New York",https://www.wga.hu/html/m/manet/3/3manet12.html,https://www.wga.hu/art/m/manet/3/3manet12.jpg,landscape,"Manet's ""espagnolisme"" reached fever pitch in the 1860s, any subject was good so long as it was Spanish. When a Spanish ballet troupe came to Paris, Manet painted the troupe as a whole, some dancers raising their arms in a bashful adumbration of dance.",2
41,41,"MANET, Edouard",4,Portrait of StÃÂ©phane MallarmÃÂ©,1876,"Oil on canvas, 28 x 36 cm","MusÃÂ©e d'Orsay, Paris",https://www.wga.hu/html/m/manet/4/4manet01.html,https://www.wga.hu/art/m/manet/4/4manet01.jpg,portrait,"Manet's ""espagnolisme"" reached fever pitch in the 1860s, any subject was good so long as it was Spanish. When a Spanish ballet troupe came to Paris, Manet painted the troupe as a whole, some dancers raising their arms in a bashful adumbration of dance.",1
42,42,"MANET, Edouard",4,The Singer Faure as Hamlet,1877,"Oil on canvas, 194 x 131 cm","Museum Folkwang, Essen",https://www.wga.hu/html/m/manet/4/4manet02.html,https://www.wga.hu/art/m/manet/4/4manet02.jpg,portrait,"Manet's ""espagnolisme"" reached fever pitch in the 1860s, any subject was good so long as it was Spanish. When a Spanish ballet troupe came to Paris, Manet painted the troupe as a whole, some dancers raising their arms in a bashful adumbration of dance.",1
43,43,"MANET, Edouard",4,Self-Portrait with a Palette,1879,"Oil on canvas, 61 x 50 cm",Private collection,https://www.wga.hu/html/m/manet/4/4manet18.html,https://www.wga.hu/art/m/manet/4/4manet18.jpg,portrait,"Manet's ""espagnolisme"" reached fever pitch in the 1860s, any subject was good so long as it was Spanish. When a Spanish ballet troupe came to Paris, Manet painted the troupe as a whole, some dancers raising their arms in a bashful adumbration of dance.",1
44,44,"MANET, Edouard",4,At PÃÂ¨re Lathuille,1879,"Oil on canvas, 93 x 112 cm","MusÃÂ©e des Beaux-Arts, Tournai",https://www.wga.hu/html/m/manet/4/4manet19.html,https://www.wga.hu/art/m/manet/4/4manet19.jpg,genre,"Manet's ""espagnolisme"" reached fever pitch in the 1860s, any subject was good so long as it was Spanish. When a Spanish ballet troupe came to Paris, Manet painted the troupe as a whole, some dancers raising their arms in a bashful adumbration of dance.",1
45,45,"MANET, Edouard",4,House at Roueil,1882,"Oil on canvas, 92 x 73 cm","National Gallery of Victoria, Melbourne",https://www.wga.hu/html/m/manet/5/5late16.html,https://www.wga.hu/art/m/manet/5/5late16.jpg,landscape,"Manet's ""espagnolisme"" reached fever pitch in the 1860s, any subject was good so long as it was Spanish. When a Spanish ballet troupe came to Paris, Manet painted the troupe as a whole, some dancers raising their arms in a bashful adumbration of dance.",0
46,46,"MONET, Claude",5,The Picnic,1865,"Oil on canvas, 130 x 181 cm","Pushkin Museum, Moscow",https://www.wga.hu/html/m/monet/01/early11.html,https://www.wga.hu/art/m/monet/01/early11.jpg,genre,"The impact of Courbet on Monet has sometimes been overshadowed by his relations with Manet or his older relationship with Jongkind and Boudin on the Normandy coast, yet Monet's admiration for the champion of Realism is clearly visible in the huge Picnic (6 by 6 meters) which was unfinished and later rolled up and then cut up. In one of the two large fragments preserved in the MusÃÂ©e d'Orsay it is possible to recognise, seated among the guests in a clearing in the forest of Fontainebleau, the figure of Courbet himself. The overall composition (as preserved in the smaller version in Moscow) did not yet include Courbet, and we know that Bazille posed for four male figures.",1
47,47,"MONET, Claude",5,"Rue de la Bavolle, Honfleur",1864,"Oil on canvas, 58 x 63 cm","Kunsthalle, Mannheim",https://www.wga.hu/html/m/monet/01/early03.html,https://www.wga.hu/art/m/monet/01/early03.jpg,landscape,"The impact of Courbet on Monet has sometimes been overshadowed by his relations with Manet or his older relationship with Jongkind and Boudin on the Normandy coast, yet Monet's admiration for the champion of Realism is clearly visible in the huge Picnic (6 by 6 meters) which was unfinished and later rolled up and then cut up. In one of the two large fragments preserved in the MusÃÂ©e d'Orsay it is possible to recognise, seated among the guests in a clearing in the forest of Fontainebleau, the figure of Courbet himself. The overall composition (as preserved in the smaller version in Moscow) did not yet include Courbet, and we know that Bazille posed for four male figures.",1
48,48,"MONET, Claude",5,Beach at Sainte-Adresse,1867,"Oil on canvas, 76 x 102 cm","Art Institute, Chicago",https://www.wga.hu/html/m/monet/01/early17.html,https://www.wga.hu/art/m/monet/01/early17.jpg,landscape,"The impact of Courbet on Monet has sometimes been overshadowed by his relations with Manet or his older relationship with Jongkind and Boudin on the Normandy coast, yet Monet's admiration for the champion of Realism is clearly visible in the huge Picnic (6 by 6 meters) which was unfinished and later rolled up and then cut up. In one of the two large fragments preserved in the MusÃÂ©e d'Orsay it is possible to recognise, seated among the guests in a clearing in the forest of Fontainebleau, the figure of Courbet himself. The overall composition (as preserved in the smaller version in Moscow) did not yet include Courbet, and we know that Bazille posed for four male figures.",2
49,49,"MONET, Claude",5,The Beach at Trouville,1870,"Oil on canvas, 38 x 47 cm","National Gallery, London",https://www.wga.hu/html/m/monet/02/2trouvi3.html,https://www.wga.hu/art/m/monet/02/2trouvi3.jpg,landscape,"The impact of Courbet on Monet has sometimes been overshadowed by his relations with Manet or his older relationship with Jongkind and Boudin on the Normandy coast, yet Monet's admiration for the champion of Realism is clearly visible in the huge Picnic (6 by 6 meters) which was unfinished and later rolled up and then cut up. In one of the two large fragments preserved in the MusÃÂ©e d'Orsay it is possible to recognise, seated among the guests in a clearing in the forest of Fontainebleau, the figure of Courbet himself. The overall composition (as preserved in the smaller version in Moscow) did not yet include Courbet, and we know that Bazille posed for four male figures.",2
50,50,"MONET, Claude",5,The Harbour at Argenteuil,1872,"Oil on canvas, 60 x 81 cm","MusÃÂ©e d'Orsay, Paris",https://www.wga.hu/html/m/monet/03/argent04.html,https://www.wga.hu/art/m/monet/03/argent04.jpg,landscape,"The impact of Courbet on Monet has sometimes been overshadowed by his relations with Manet or his older relationship with Jongkind and Boudin on the Normandy coast, yet Monet's admiration for the champion of Realism is clearly visible in the huge Picnic (6 by 6 meters) which was unfinished and later rolled up and then cut up. In one of the two large fragments preserved in the MusÃÂ©e d'Orsay it is possible to recognise, seated among the guests in a clearing in the forest of Fontainebleau, the figure of Courbet himself. The overall composition (as preserved in the smaller version in Moscow) did not yet include Courbet, and we know that Bazille posed for four male figures.",1
51,51,"MONET, Claude",5,The Luncheon (Monet's Garden at Argenteuil),1873,"Oil on canvas, 160 x 201 cm","MusÃÂ©e d'Orsay, Paris",https://www.wga.hu/html/m/monet/03/argent09.html,https://www.wga.hu/art/m/monet/03/argent09.jpg,landscape,"The impact of Courbet on Monet has sometimes been overshadowed by his relations with Manet or his older relationship with Jongkind and Boudin on the Normandy coast, yet Monet's admiration for the champion of Realism is clearly visible in the huge Picnic (6 by 6 meters) which was unfinished and later rolled up and then cut up. In one of the two large fragments preserved in the MusÃÂ©e d'Orsay it is possible to recognise, seated among the guests in a clearing in the forest of Fontainebleau, the figure of Courbet himself. The overall composition (as preserved in the smaller version in Moscow) did not yet include Courbet, and we know that Bazille posed for four male figures.",1
52,52,"MONET, Claude",5,Jean Monet on His Mechanical Horse,1872,"Oil on canvas, 59 x 73 cm",Private collection,https://www.wga.hu/html/m/monet/03/other1.html,https://www.wga.hu/art/m/monet/03/other1.jpg,portrait,"The impact of Courbet on Monet has sometimes been overshadowed by his relations with Manet or his older relationship with Jongkind and Boudin on the Normandy coast, yet Monet's admiration for the champion of Realism is clearly visible in the huge Picnic (6 by 6 meters) which was unfinished and later rolled up and then cut up. In one of the two large fragments preserved in the MusÃÂ©e d'Orsay it is possible to recognise, seated among the guests in a clearing in the forest of Fontainebleau, the figure of Courbet himself. The overall composition (as preserved in the smaller version in Moscow) did not yet include Courbet, and we know that Bazille posed for four male figures.",1
53,53,"MONET, Claude",5,Still-Life with Pears and Grapes,1880,"Oil on canvas, 65 x 81 cm","Kunsthalle, Hamburg",https://www.wga.hu/html/m/monet/05/2vario05.html,https://www.wga.hu/art/m/monet/05/2vario05.jpg,still-life,"The impact of Courbet on Monet has sometimes been overshadowed by his relations with Manet or his older relationship with Jongkind and Boudin on the Normandy coast, yet Monet's admiration for the champion of Realism is clearly visible in the huge Picnic (6 by 6 meters) which was unfinished and later rolled up and then cut up. In one of the two large fragments preserved in the MusÃÂ©e d'Orsay it is possible to recognise, seated among the guests in a clearing in the forest of Fontainebleau, the figure of Courbet himself. The overall composition (as preserved in the smaller version in Moscow) did not yet include Courbet, and we know that Bazille posed for four male figures.",0
54,54,"MONET, Claude",5,"Rouen Cathedral, Evening",1894,"Oil on canvas, 100 x 65 cm","Pushkin Museum, Moscow",https://www.wga.hu/html/m/monet/07/5cathed3.html,https://www.wga.hu/art/m/monet/07/5cathed3.jpg,landscape,"The impact of Courbet on Monet has sometimes been overshadowed by his relations with Manet or his older relationship with Jongkind and Boudin on the Normandy coast, yet Monet's admiration for the champion of Realism is clearly visible in the huge Picnic (6 by 6 meters) which was unfinished and later rolled up and then cut up. In one of the two large fragments preserved in the MusÃÂ©e d'Orsay it is possible to recognise, seated among the guests in a clearing in the forest of Fontainebleau, the figure of Courbet himself. The overall composition (as preserved in the smaller version in Moscow) did not yet include Courbet, and we know that Bazille posed for four male figures.",0
55,55,"MONET, Claude",5,Morning Haze,1894,"Oil on canvas, 66 x 100 cm","Museum of Art, Philadelphia",https://www.wga.hu/html/m/monet/07/7floes3.html,https://www.wga.hu/art/m/monet/07/7floes3.jpg,landscape,"The impact of Courbet on Monet has sometimes been overshadowed by his relations with Manet or his older relationship with Jongkind and Boudin on the Normandy coast, yet Monet's admiration for the champion of Realism is clearly visible in the huge Picnic (6 by 6 meters) which was unfinished and later rolled up and then cut up. In one of the two large fragments preserved in the MusÃÂ©e d'Orsay it is possible to recognise, seated among the guests in a clearing in the forest of Fontainebleau, the figure of Courbet himself. The overall composition (as preserved in the smaller version in Moscow) did not yet include Courbet, and we know that Bazille posed for four male figures.",2
56,56,"MONET, Claude",5,"Waterloo Bridge, Effect of Fog",1900,"Oil on canvas, 65 x 100 cm","The Hermitage, St. Petersburg",https://www.wga.hu/html/m/monet/08/1london1.html,https://www.wga.hu/art/m/monet/08/1london1.jpg,landscape,"The impact of Courbet on Monet has sometimes been overshadowed by his relations with Manet or his older relationship with Jongkind and Boudin on the Normandy coast, yet Monet's admiration for the champion of Realism is clearly visible in the huge Picnic (6 by 6 meters) which was unfinished and later rolled up and then cut up. In one of the two large fragments preserved in the MusÃÂ©e d'Orsay it is possible to recognise, seated among the guests in a clearing in the forest of Fontainebleau, the figure of Courbet himself. The overall composition (as preserved in the smaller version in Moscow) did not yet include Courbet, and we know that Bazille posed for four male figures.",2
57,57,"MONET, Claude",5,"The Houses of Parliament, London",1904,"Oil on canvas, 81 x 92 cm","Palais des Beaux-Arts, Lille",https://www.wga.hu/html/m/monet/08/1london4.html,https://www.wga.hu/art/m/monet/08/1london4.jpg,landscape,"The impact of Courbet on Monet has sometimes been overshadowed by his relations with Manet or his older relationship with Jongkind and Boudin on the Normandy coast, yet Monet's admiration for the champion of Realism is clearly visible in the huge Picnic (6 by 6 meters) which was unfinished and later rolled up and then cut up. In one of the two large fragments preserved in the MusÃÂ©e d'Orsay it is possible to recognise, seated among the guests in a clearing in the forest of Fontainebleau, the figure of Courbet himself. The overall composition (as preserved in the smaller version in Moscow) did not yet include Courbet, and we know that Bazille posed for four male figures.",2
58,58,"MONET, Claude",5,The Japanese Bridge,1922,"Oil on canvas, 89 x 116 cm","Institute of Arts, Minneapolis",https://www.wga.hu/html/m/monet/08/3bridge5.html,https://www.wga.hu/art/m/monet/08/3bridge5.jpg,landscape,"The impact of Courbet on Monet has sometimes been overshadowed by his relations with Manet or his older relationship with Jongkind and Boudin on the Normandy coast, yet Monet's admiration for the champion of Realism is clearly visible in the huge Picnic (6 by 6 meters) which was unfinished and later rolled up and then cut up. In one of the two large fragments preserved in the MusÃÂ©e d'Orsay it is possible to recognise, seated among the guests in a clearing in the forest of Fontainebleau, the figure of Courbet himself. The overall composition (as preserved in the smaller version in Moscow) did not yet include Courbet, and we know that Bazille posed for four male figures.",0
59,59,"MONET, Claude",5,"Water Lilies, Sunset",1914,"Oil on canvas, 200 x 600 cm","MusÃÂ©e de l'Orangerie, Paris",https://www.wga.hu/html/m/monet/08/7liliy05.html,https://www.wga.hu/art/m/monet/08/7liliy05.jpg,landscape,"The impact of Courbet on Monet has sometimes been overshadowed by his relations with Manet or his older relationship with Jongkind and Boudin on the Normandy coast, yet Monet's admiration for the champion of Realism is clearly visible in the huge Picnic (6 by 6 meters) which was unfinished and later rolled up and then cut up. In one of the two large fragments preserved in the MusÃÂ©e d'Orsay it is possible to recognise, seated among the guests in a clearing in the forest of Fontainebleau, the figure of Courbet himself. The overall composition (as preserved in the smaller version in Moscow) did not yet include Courbet, and we know that Bazille posed for four male figures.",0
60,60,"GOGH, Vincent van",6,Self-Portrait,1887,"Oil on paper, 32 x 23 cm","Rijksmuseum KrÃÂ¶ller-MÃÂ¼ller, Otterlo",https://www.wga.hu/html/g/gogh_van/16/selfpo09.html,https://www.wga.hu/art/g/gogh_van/16/selfpo09.jpg,portrait," Van Gogh's dozens of self-portraits were an important part of his oeuvre as a painter. Most probably, van Gogh's self-portraits are depicting the face as it appeared in the mirror he used to reproduce his face, i.e. his right side in the image is in reality the left side of his face.",0
61,61,"GOGH, Vincent van",6,In the Jardin du Luxembourg,1886,"Oil on canvas, 28 x 46 cm","Sterling and Francine Clark Art Institute, Williamstown",https://www.wga.hu/html/g/gogh_van/06/paris03.html,https://www.wga.hu/art/g/gogh_van/06/paris03.jpg,landscape," Van Gogh's dozens of self-portraits were an important part of his oeuvre as a painter. Most probably, van Gogh's self-portraits are depicting the face as it appeared in the mirror he used to reproduce his face, i.e. his right side in the image is in reality the left side of his face.",0
62,62,"GOGH, Vincent van",6,View of Paris from Montmartre,1886,"Oil on canvas, 39 x 62 cm","ÃÂffentliche Kunstsammlung, Basel",https://www.wga.hu/html/g/gogh_van/06/paris04.html,https://www.wga.hu/art/g/gogh_van/06/paris04.jpg,landscape," Van Gogh's dozens of self-portraits were an important part of his oeuvre as a painter. Most probably, van Gogh's self-portraits are depicting the face as it appeared in the mirror he used to reproduce his face, i.e. his right side in the image is in reality the left side of his face.",2
63,63,"GOGH, Vincent van",6,Interior of a Restaurant,1887,"Oil on canvas, 46 x 57 cm","Rijksmuseum KrÃÂ¶ller-MÃÂ¼ller, Otterlo",https://www.wga.hu/html/g/gogh_van/06/paris21.html,https://www.wga.hu/art/g/gogh_van/06/paris21.jpg,interior," Van Gogh's dozens of self-portraits were an important part of his oeuvre as a painter. Most probably, van Gogh's self-portraits are depicting the face as it appeared in the mirror he used to reproduce his face, i.e. his right side in the image is in reality the left side of his face.",0
64,64,"GOGH, Vincent van",6,Apricot Trees in Blossom,1888,"Oil on canvas, 55 x 66 cm",Private collection,https://www.wga.hu/html/g/gogh_van/07/orchar01.html,https://www.wga.hu/art/g/gogh_van/07/orchar01.jpg,landscape," Van Gogh's dozens of self-portraits were an important part of his oeuvre as a painter. Most probably, van Gogh's self-portraits are depicting the face as it appeared in the mirror he used to reproduce his face, i.e. his right side in the image is in reality the left side of his face.",0
65,65,"GOGH, Vincent van",6,The Langlois Bridge at Arles,1888,"Oil on canvas, 54 x 65 cm","Rijksmuseum KrÃÂ¶ller-MÃÂ¼ller, Otterlo",https://www.wga.hu/html/g/gogh_van/08/1arles01.html,https://www.wga.hu/art/g/gogh_van/08/1arles01.jpg,landscape," Van Gogh's dozens of self-portraits were an important part of his oeuvre as a painter. Most probably, van Gogh's self-portraits are depicting the face as it appeared in the mirror he used to reproduce his face, i.e. his right side in the image is in reality the left side of his face.",1
66,66,"GOGH, Vincent van",6,"Still-Life with Coffee Pot, Earthenware and Fruit",1888,"Oil on canvas, 65 x 81 cm",Private collection,https://www.wga.hu/html/g/gogh_van/08/1arles12.html,https://www.wga.hu/art/g/gogh_van/08/1arles12.jpg,still-life," Van Gogh's dozens of self-portraits were an important part of his oeuvre as a painter. Most probably, van Gogh's self-portraits are depicting the face as it appeared in the mirror he used to reproduce his face, i.e. his right side in the image is in reality the left side of his face.",2
67,67,"GOGH, Vincent van",6,Seascape at Saintes-Maries,1888,"Oil on canvas, 51 x 64 cm","Rijksmuseum Vincent van Gogh, Amsterdam",https://www.wga.hu/html/g/gogh_van/08/2maries1.html,https://www.wga.hu/art/g/gogh_van/08/2maries1.jpg,landscape," Van Gogh's dozens of self-portraits were an important part of his oeuvre as a painter. Most probably, van Gogh's self-portraits are depicting the face as it appeared in the mirror he used to reproduce his face, i.e. his right side in the image is in reality the left side of his face.",0
68,68,"GOGH, Vincent van",6,Flowering Garden,1888,"Oil on canvas, 92 x 73 cm","Metropolitan Museum of Art, New York",https://www.wga.hu/html/g/gogh_van/08/3arles21.html,https://www.wga.hu/art/g/gogh_van/08/3arles21.jpg,landscape," Van Gogh's dozens of self-portraits were an important part of his oeuvre as a painter. Most probably, van Gogh's self-portraits are depicting the face as it appeared in the mirror he used to reproduce his face, i.e. his right side in the image is in reality the left side of his face.",0
69,69,"GOGH, Vincent van",6,Vase with Fourteen Sunflowers,1888,"Oil on canvas, 93 x 73 cm","National Gallery, London",https://www.wga.hu/html/g/gogh_van/08/3arles25.html,https://www.wga.hu/art/g/gogh_van/08/3arles25.jpg,still-life," Van Gogh's dozens of self-portraits were an important part of his oeuvre as a painter. Most probably, van Gogh's self-portraits are depicting the face as it appeared in the mirror he used to reproduce his face, i.e. his right side in the image is in reality the left side of his face.",2
70,70,"GOGH, Vincent van",6,The Old Mill,1888,"Oil on canvas, 65 x 54 cm","Albright-Knox Art Gallery, Buffalo",https://www.wga.hu/html/g/gogh_van/09/arles47.html,https://www.wga.hu/art/g/gogh_van/09/arles47.jpg,landscape," Van Gogh's dozens of self-portraits were an important part of his oeuvre as a painter. Most probably, van Gogh's self-portraits are depicting the face as it appeared in the mirror he used to reproduce his face, i.e. his right side in the image is in reality the left side of his face.",2
71,71,"GOGH, Vincent van",6,Vincent's Bedroom in Arles,1888,"Oil on canvas, 72 x 90 cm","Rijksmuseum Vincent van Gogh, Amsterdam",https://www.wga.hu/html/g/gogh_van/09/arles48.html,https://www.wga.hu/art/g/gogh_van/09/arles48.jpg,interior," Van Gogh's dozens of self-portraits were an important part of his oeuvre as a painter. Most probably, van Gogh's self-portraits are depicting the face as it appeared in the mirror he used to reproduce his face, i.e. his right side in the image is in reality the left side of his face.",0
72,72,"GOGH, Vincent van",6,The Garden of Saint-Paul Hospital,1889,"Oil on canvas, 95 x 76 cm","Rijksmuseum KrÃÂ¶ller-MÃÂ¼ller, Otterlo",https://www.wga.hu/html/g/gogh_van/11/1asylu01.html,https://www.wga.hu/art/g/gogh_van/11/1asylu01.jpg,landscape," Van Gogh's dozens of self-portraits were an important part of his oeuvre as a painter. Most probably, van Gogh's self-portraits are depicting the face as it appeared in the mirror he used to reproduce his face, i.e. his right side in the image is in reality the left side of his face.",0
73,73,"GOGH, Vincent van",6,The Iris,1889,"Oil on paper on canvas, 62 x 48 cm","National Gallery of Canada, Ottawa",https://www.wga.hu/html/g/gogh_van/11/1asylu04.html,https://www.wga.hu/art/g/gogh_van/11/1asylu04.jpg,landscape," Van Gogh's dozens of self-portraits were an important part of his oeuvre as a painter. Most probably, van Gogh's self-portraits are depicting the face as it appeared in the mirror he used to reproduce his face, i.e. his right side in the image is in reality the left side of his face.",0
74,74,"GOGH, Vincent van",6,Olive Picking,1889,"Oil on canvas, 73 x 92 cm","National Gallery of Art, Washington",https://www.wga.hu/html/g/gogh_van/12/olive09.html,https://www.wga.hu/art/g/gogh_van/12/olive09.jpg,landscape," Van Gogh's dozens of self-portraits were an important part of his oeuvre as a painter. Most probably, van Gogh's self-portraits are depicting the face as it appeared in the mirror he used to reproduce his face, i.e. his right side in the image is in reality the left side of his face.",0
75,75,"GOGH, Vincent van",6,Morning: Peasant Couple Going to Work (after Millet),1890,"Oil on canvas, 73 x 92 cm","The Hermitage, St. Petersburg",https://www.wga.hu/html/g/gogh_van/13/copies14.html,https://www.wga.hu/art/g/gogh_van/13/copies14.jpg,genre," Van Gogh's dozens of self-portraits were an important part of his oeuvre as a painter. Most probably, van Gogh's self-portraits are depicting the face as it appeared in the mirror he used to reproduce his face, i.e. his right side in the image is in reality the left side of his face.",2
76,76,"GOGH, Vincent van",6,Vase with Irises,1890,"Oil on canvas, 74 x 92 cm","Metropolitan Museum of Art, New York",https://www.wga.hu/html/g/gogh_van/14/6still3.html,https://www.wga.hu/art/g/gogh_van/14/6still3.jpg,still-life," Van Gogh's dozens of self-portraits were an important part of his oeuvre as a painter. Most probably, van Gogh's self-portraits are depicting the face as it appeared in the mirror he used to reproduce his face, i.e. his right side in the image is in reality the left side of his face.",2
77,77,"CÃÂZANNE, Paul",7,"Louis-Auguste CÃÂ©zanne, the Artist's Father, Reading the ""L'ÃÂvÃÂ©nement""",1866,"Oil on canvas, 200 x 120 cm","National Gallery of Art, Washington",https://www.wga.hu/html/c/cezanne/1/02early.html,https://www.wga.hu/art/c/cezanne/1/02early.jpg,portrait,"The portrait of Louis-Auguste CÃÂ©zanne as an old, serious and dignified man reveals nothing of the artist's humiliating dependence on his father until the latter's death.",1
78,78,"CÃÂZANNE, Paul",7,Pastorale (Idyll),1870,"Oil on canvas, 65 x 81 cm","MusÃÂ©e d'Orsay, Paris",https://www.wga.hu/html/c/cezanne/1/11early.html,https://www.wga.hu/art/c/cezanne/1/11early.jpg,mythological,"The portrait of Louis-Auguste CÃÂ©zanne as an old, serious and dignified man reveals nothing of the artist's humiliating dependence on his father until the latter's death.",1
79,79,"CÃÂZANNE, Paul",7,The House of PÃÂ¨re Lacroix in Auvers,1873,"Oil on canvas, 61 x 51 cm","National Gallery of Art, Washington",https://www.wga.hu/html/c/cezanne/2/1lands02.html,https://www.wga.hu/art/c/cezanne/2/1lands02.jpg,landscape,"The portrait of Louis-Auguste CÃÂ©zanne as an old, serious and dignified man reveals nothing of the artist's humiliating dependence on his father until the latter's death.",0
80,80,"CÃÂZANNE, Paul",7,The Sea at L'Estaque,1876,"Oil on canvas, 42 x 59 cm",Private collection,https://www.wga.hu/html/c/cezanne/2/1lands09.html,https://www.wga.hu/art/c/cezanne/2/1lands09.jpg,landscape,"The portrait of Louis-Auguste CÃÂ©zanne as an old, serious and dignified man reveals nothing of the artist's humiliating dependence on his father until the latter's death.",2
81,81,"CÃÂZANNE, Paul",7,The Gulf of Marseille Seen from L'Estaque,1878,"Oil on canvas, 58 x 72 cm","MusÃÂ©e d'Orsay, Paris",https://www.wga.hu/html/c/cezanne/2/1lands11.html,https://www.wga.hu/art/c/cezanne/2/1lands11.jpg,landscape,"The portrait of Louis-Auguste CÃÂ©zanne as an old, serious and dignified man reveals nothing of the artist's humiliating dependence on his father until the latter's death.",2
82,82,"CÃÂZANNE, Paul",7,Madame CÃÂ©zanne in a Red Armchair,1877,"Oil on canvas, 73 x 56 cm","Museum of Fine Arts, Boston",https://www.wga.hu/html/c/cezanne/2/4portra1.html,https://www.wga.hu/art/c/cezanne/2/4portra1.jpg,portrait,"The portrait of Louis-Auguste CÃÂ©zanne as an old, serious and dignified man reveals nothing of the artist's humiliating dependence on his father until the latter's death.",1
83,83,"CÃÂZANNE, Paul",7,Mardi Gras,1888,"Oil on canvas, 100 x 81 cm","Pushkin Museum, Moscow",https://www.wga.hu/html/c/cezanne/3/3figure4.html,https://www.wga.hu/art/c/cezanne/3/3figure4.jpg,other,"The portrait of Louis-Auguste CÃÂ©zanne as an old, serious and dignified man reveals nothing of the artist's humiliating dependence on his father until the latter's death.",1
84,84,"CÃÂZANNE, Paul",7,Woman with Coffee Pot,1890,"Oil on canvas, 130 x 97 cm","MusÃÂ©e d'Orsay, Paris",https://www.wga.hu/html/c/cezanne/3/3figure6.html,https://www.wga.hu/art/c/cezanne/3/3figure6.jpg,portrait,"The portrait of Louis-Auguste CÃÂ©zanne as an old, serious and dignified man reveals nothing of the artist's humiliating dependence on his father until the latter's death.",0
85,85,"CÃÂZANNE, Paul",7,Portrait of Ambroise Vollard,1899,"Oil on canvas, 100 x 80 cm","MusÃÂ©e du Petit Palais, Paris",https://www.wga.hu/html/c/cezanne/4/2figure5.html,https://www.wga.hu/art/c/cezanne/4/2figure5.jpg,portrait,"The portrait of Louis-Auguste CÃÂ©zanne as an old, serious and dignified man reveals nothing of the artist's humiliating dependence on his father until the latter's death.",1
86,86,"CÃÂZANNE, Paul",7,Mont Sainte-Victoire,1897,"Oil on canvas, 54 x 81 cm","Walters Art Museum, Baltimore",https://www.wga.hu/html/c/cezanne/4/3lands07.html,https://www.wga.hu/art/c/cezanne/4/3lands07.jpg,landscape,"The portrait of Louis-Auguste CÃÂ©zanne as an old, serious and dignified man reveals nothing of the artist's humiliating dependence on his father until the latter's death.",0
87,87,"CÃÂZANNE, Paul",7,Turning Road at Montgeroult,1898,"Oil on canvas, 81 x 66 cm","Museum of Modern Art, New York",https://www.wga.hu/html/c/cezanne/4/3lands08.html,https://www.wga.hu/art/c/cezanne/4/3lands08.jpg,landscape,"The portrait of Louis-Auguste CÃÂ©zanne as an old, serious and dignified man reveals nothing of the artist's humiliating dependence on his father until the latter's death.",0
88,88,"CÃÂZANNE, Paul",7,Still-Life with a Curtain,1895,"Oil on canvas, 55 x 75 cm","The Hermitage, St. Petersburg",https://www.wga.hu/html/c/cezanne/4/4still4.html,https://www.wga.hu/art/c/cezanne/4/4still4.jpg,still-life,"The portrait of Louis-Auguste CÃÂ©zanne as an old, serious and dignified man reveals nothing of the artist's humiliating dependence on his father until the latter's death.",0
89,89,"RUBENS, Peter Paul",8,The Ecstasy of St Gregory the Great,1608,"Oil on canvas, 477 x 288 cm","MusÃÂ©e des Beaux-Arts, Grenoble",https://www.wga.hu/html/r/rubens/10religi/04religi.html,https://www.wga.hu/art/r/rubens/10religi/04religi.jpg,religious,"Rubens considered this commission as the confirmation of his reputation as a painter in Rome. Yet the picture was not hung in the place for which it was intended, because it reflected the light entering the church too strongly. For this reason the canvas was replaced by a new version on slate. This was quite different from the first painting; its composition was divided over three separate panels. This work, still in its original place in Santa Maria Vallicella, was ready in autumn 1608. Immediately afterwards Rubens returned to Antwerp. He took the rejected canvas with him and placed it above the tomb of his mother, Maria Pijpelinckx, who had died while he was on his way home.",1
90,90,"RUBENS, Peter Paul",8,The Lamentation,1614,"Oil on wood, 41 x 53 cm","Kunsthistorisches Museum, Vienna",https://www.wga.hu/html/r/rubens/10religi/14religi.html,https://www.wga.hu/art/r/rubens/10religi/14religi.jpg,religious,"Rubens considered this commission as the confirmation of his reputation as a painter in Rome. Yet the picture was not hung in the place for which it was intended, because it reflected the light entering the church too strongly. For this reason the canvas was replaced by a new version on slate. This was quite different from the first painting; its composition was divided over three separate panels. This work, still in its original place in Santa Maria Vallicella, was ready in autumn 1608. Immediately afterwards Rubens returned to Antwerp. He took the rejected canvas with him and placed it above the tomb of his mother, Maria Pijpelinckx, who had died while he was on his way home.",1
91,91,"RUBENS, Peter Paul",8,The Last Judgment,1617,"Oil on canvas, 606 x 460 cm","Alte Pinakothek, Munich",https://www.wga.hu/html/r/rubens/12religi/32religi.html,https://www.wga.hu/art/r/rubens/12religi/32religi.jpg,religious,"Rubens considered this commission as the confirmation of his reputation as a painter in Rome. Yet the picture was not hung in the place for which it was intended, because it reflected the light entering the church too strongly. For this reason the canvas was replaced by a new version on slate. This was quite different from the first painting; its composition was divided over three separate panels. This work, still in its original place in Santa Maria Vallicella, was ready in autumn 1608. Immediately afterwards Rubens returned to Antwerp. He took the rejected canvas with him and placed it above the tomb of his mother, Maria Pijpelinckx, who had died while he was on his way home.",1
92,92,"RUBENS, Peter Paul",8,Adoration of the Magi,1619,"Oil on panel, 318 x 276 cm","Sint-Janskerk, Mechelen",https://www.wga.hu/html/r/rubens/12religi/391relig.html,https://www.wga.hu/art/r/rubens/12religi/391relig.jpg,religious,"Rubens considered this commission as the confirmation of his reputation as a painter in Rome. Yet the picture was not hung in the place for which it was intended, because it reflected the light entering the church too strongly. For this reason the canvas was replaced by a new version on slate. This was quite different from the first painting; its composition was divided over three separate panels. This work, still in its original place in Santa Maria Vallicella, was ready in autumn 1608. Immediately afterwards Rubens returned to Antwerp. He took the rejected canvas with him and placed it above the tomb of his mother, Maria Pijpelinckx, who had died while he was on his way home.",1
93,93,"RUBENS, Peter Paul",8,The Last Communion of St Francis,1619,"Oil on panel, 422 x 226 cm","Koninklijk Museum voor Schone Kunsten, Antwerp",https://www.wga.hu/html/r/rubens/12religi/40religi.html,https://www.wga.hu/art/r/rubens/12religi/40religi.jpg,religious,"Rubens considered this commission as the confirmation of his reputation as a painter in Rome. Yet the picture was not hung in the place for which it was intended, because it reflected the light entering the church too strongly. For this reason the canvas was replaced by a new version on slate. This was quite different from the first painting; its composition was divided over three separate panels. This work, still in its original place in Santa Maria Vallicella, was ready in autumn 1608. Immediately afterwards Rubens returned to Antwerp. He took the rejected canvas with him and placed it above the tomb of his mother, Maria Pijpelinckx, who had died while he was on his way home.",1
94,94,"RUBENS, Peter Paul",8,The Virgin and Child in a Garland of Flowers,1621,"Oil on canvas, 83,5 x 65 cm","MusÃÂ©e du Louvre, Paris",https://www.wga.hu/html/r/rubens/13religi/51religi.html,https://www.wga.hu/art/r/rubens/13religi/51religi.jpg,religious,"Rubens considered this commission as the confirmation of his reputation as a painter in Rome. Yet the picture was not hung in the place for which it was intended, because it reflected the light entering the church too strongly. For this reason the canvas was replaced by a new version on slate. This was quite different from the first painting; its composition was divided over three separate panels. This work, still in its original place in Santa Maria Vallicella, was ready in autumn 1608. Immediately afterwards Rubens returned to Antwerp. He took the rejected canvas with him and placed it above the tomb of his mother, Maria Pijpelinckx, who had died while he was on his way home.",1
95,95,"RUBENS, Peter Paul",8,The Adoration of the Magi,1624,"Oil on panel, 447 x 336 cm","Koninklijk Museum voor Schone Kunsten, Antwerp",https://www.wga.hu/html/r/rubens/13religi/55religi.html,https://www.wga.hu/art/r/rubens/13religi/55religi.jpg,religious,"Rubens considered this commission as the confirmation of his reputation as a painter in Rome. Yet the picture was not hung in the place for which it was intended, because it reflected the light entering the church too strongly. For this reason the canvas was replaced by a new version on slate. This was quite different from the first painting; its composition was divided over three separate panels. This work, still in its original place in Santa Maria Vallicella, was ready in autumn 1608. Immediately afterwards Rubens returned to Antwerp. He took the rejected canvas with him and placed it above the tomb of his mother, Maria Pijpelinckx, who had died while he was on his way home.",1
96,96,"RUBENS, Peter Paul",8,The Crowning of St Catherine,1631,"Oil on canvas, 266 x 214 cm","Toledo Museum of Art, Toledo, Ohio",https://www.wga.hu/html/r/rubens/14religi/72religi.html,https://www.wga.hu/art/r/rubens/14religi/72religi.jpg,religious,"Rubens considered this commission as the confirmation of his reputation as a painter in Rome. Yet the picture was not hung in the place for which it was intended, because it reflected the light entering the church too strongly. For this reason the canvas was replaced by a new version on slate. This was quite different from the first painting; its composition was divided over three separate panels. This work, still in its original place in Santa Maria Vallicella, was ready in autumn 1608. Immediately afterwards Rubens returned to Antwerp. He took the rejected canvas with him and placed it above the tomb of his mother, Maria Pijpelinckx, who had died while he was on his way home.",1
97,97,"RUBENS, Peter Paul",8,The Feast of Herod,1633,"Oil on canvas, 208 x 264 cm","National Gallery of Scotland, Edinburgh",https://www.wga.hu/html/r/rubens/15biblic/10feast.html,https://www.wga.hu/art/r/rubens/15biblic/10feast.jpg,mythological,"Rubens considered this commission as the confirmation of his reputation as a painter in Rome. Yet the picture was not hung in the place for which it was intended, because it reflected the light entering the church too strongly. For this reason the canvas was replaced by a new version on slate. This was quite different from the first painting; its composition was divided over three separate panels. This work, still in its original place in Santa Maria Vallicella, was ready in autumn 1608. Immediately afterwards Rubens returned to Antwerp. He took the rejected canvas with him and placed it above the tomb of his mother, Maria Pijpelinckx, who had died while he was on his way home.",1
98,98,"RUBENS, Peter Paul",8,The Judgment of Paris,1606,"Oil on copper, 34 x 45 cm","Akademie der bildenden KÃÂ¼nste, Vienna",https://www.wga.hu/html/r/rubens/21mythol/05mythom.html,https://www.wga.hu/art/r/rubens/21mythol/05mythom.jpg,mythological,"Rubens considered this commission as the confirmation of his reputation as a painter in Rome. Yet the picture was not hung in the place for which it was intended, because it reflected the light entering the church too strongly. For this reason the canvas was replaced by a new version on slate. This was quite different from the first painting; its composition was divided over three separate panels. This work, still in its original place in Santa Maria Vallicella, was ready in autumn 1608. Immediately afterwards Rubens returned to Antwerp. He took the rejected canvas with him and placed it above the tomb of his mother, Maria Pijpelinckx, who had died while he was on his way home.",1
99,99,"RUBENS, Peter Paul",8,Cupid Making His Bow,1614,"Oil on canvas, 142 x 108 cm","Alte Pinakothek, Munich",https://www.wga.hu/html/r/rubens/21mythol/14mythol.html,https://www.wga.hu/art/r/rubens/21mythol/14mythol.jpg,mythological,"Rubens considered this commission as the confirmation of his reputation as a painter in Rome. Yet the picture was not hung in the place for which it was intended, because it reflected the light entering the church too strongly. For this reason the canvas was replaced by a new version on slate. This was quite different from the first painting; its composition was divided over three separate panels. This work, still in its original place in Santa Maria Vallicella, was ready in autumn 1608. Immediately afterwards Rubens returned to Antwerp. He took the rejected canvas with him and placed it above the tomb of his mother, Maria Pijpelinckx, who had died while he was on his way home.",1
100,100,"RUBENS, Peter Paul",8,Landscape with Pan and Syrinx,1626,"Oil on panel, 58 x 95 cm",Private collection,https://www.wga.hu/html/r/rubens/22mythol/30mythom.html,https://www.wga.hu/art/r/rubens/22mythol/30mythom.jpg,landscape,"Rubens considered this commission as the confirmation of his reputation as a painter in Rome. Yet the picture was not hung in the place for which it was intended, because it reflected the light entering the church too strongly. For this reason the canvas was replaced by a new version on slate. This was quite different from the first painting; its composition was divided over three separate panels. This work, still in its original place in Santa Maria Vallicella, was ready in autumn 1608. Immediately afterwards Rubens returned to Antwerp. He took the rejected canvas with him and placed it above the tomb of his mother, Maria Pijpelinckx, who had died while he was on his way home.",1
101,101,"RUBENS, Peter Paul",8,The Three Graces,1639,"Oil on wood, 221 x 181 cm","Museo del Prado, Madrid",https://www.wga.hu/html/r/rubens/23mythol/55mythol.html,https://www.wga.hu/art/r/rubens/23mythol/55mythol.jpg,mythological,"Rubens considered this commission as the confirmation of his reputation as a painter in Rome. Yet the picture was not hung in the place for which it was intended, because it reflected the light entering the church too strongly. For this reason the canvas was replaced by a new version on slate. This was quite different from the first painting; its composition was divided over three separate panels. This work, still in its original place in Santa Maria Vallicella, was ready in autumn 1608. Immediately afterwards Rubens returned to Antwerp. He took the rejected canvas with him and placed it above the tomb of his mother, Maria Pijpelinckx, who had died while he was on his way home.",1
102,102,"RUBENS, Peter Paul",8,Portrait of a Young Scholar,1597,"Oil on copper, 22 x 15 cm","Metropolitan Museum of Art, New York",https://www.wga.hu/html/r/rubens/41portra/01schola.html,https://www.wga.hu/art/r/rubens/41portra/01schola.jpg,portrait,"Rubens considered this commission as the confirmation of his reputation as a painter in Rome. Yet the picture was not hung in the place for which it was intended, because it reflected the light entering the church too strongly. For this reason the canvas was replaced by a new version on slate. This was quite different from the first painting; its composition was divided over three separate panels. This work, still in its original place in Santa Maria Vallicella, was ready in autumn 1608. Immediately afterwards Rubens returned to Antwerp. He took the rejected canvas with him and placed it above the tomb of his mother, Maria Pijpelinckx, who had died while he was on his way home.",1
103,103,"BOTTICELLI, Sandro",9,St Augustine,1480,"Fresco, 152 x 112 cm","Ognissanti, Florence",https://www.wga.hu/html/b/botticel/21/5augustu.html,https://www.wga.hu/art/b/botticel/21/5augustu.jpg,religious,"Botticelli learned the basic techniques associated with fresco painting while working for his teacher, Filippo Lippi. We know of documents, telling of paintings that have since been destroyed, that Botticelli was greatly in demand as a master of fresco paintings during the last three decades of the Quattrocento. He painted for the Vespucci family the St Augustine in the church of Ognissanti. It was created in competition withÃÂ Ghirlandaio's frescoÃÂ of St Jerome.",1
104,104,"BOTTICELLI, Sandro",9,The Virgin and Child Enthroned (Bardi Altarpiece),1484,"Tempera on panel, 185 x 180 cm","Staatliche Museen, Berlin",https://www.wga.hu/html/b/botticel/22/50bardi.html,https://www.wga.hu/art/b/botticel/22/50bardi.jpg,religious,"Botticelli learned the basic techniques associated with fresco painting while working for his teacher, Filippo Lippi. We know of documents, telling of paintings that have since been destroyed, that Botticelli was greatly in demand as a master of fresco paintings during the last three decades of the Quattrocento. He painted for the Vespucci family the St Augustine in the church of Ognissanti. It was created in competition withÃÂ Ghirlandaio's frescoÃÂ of St Jerome.",1
105,105,"BOTTICELLI, Sandro",9,St Sixtus II,1481,"Fresco, 210 x 80 cm","Cappella Sistina, Vatican",https://www.wga.hu/html/b/botticel/4sistina/sixtus2.html,https://www.wga.hu/art/b/botticel/4sistina/sixtus2.jpg,religious,"Botticelli learned the basic techniques associated with fresco painting while working for his teacher, Filippo Lippi. We know of documents, telling of paintings that have since been destroyed, that Botticelli was greatly in demand as a master of fresco paintings during the last three decades of the Quattrocento. He painted for the Vespucci family the St Augustine in the church of Ognissanti. It was created in competition withÃÂ Ghirlandaio's frescoÃÂ of St Jerome.",0
106,106,"BOTTICELLI, Sandro",9,Scenes on the left wall,1481,Fresco,"Cappella Sistina, Vatican",https://www.wga.hu/html/b/botticel/4sistina/kora.html,https://www.wga.hu/art/b/botticel/4sistina/kora.jpg,religious,"Botticelli learned the basic techniques associated with fresco painting while working for his teacher, Filippo Lippi. We know of documents, telling of paintings that have since been destroyed, that Botticelli was greatly in demand as a master of fresco paintings during the last three decades of the Quattrocento. He painted for the Vespucci family the St Augustine in the church of Ognissanti. It was created in competition withÃÂ Ghirlandaio's frescoÃÂ of St Jerome.",1
107,107,"BOTTICELLI, Sandro",9,The Trials and Calling of Moses,1481,"Fresco, 348,5 x 558 cm","Cappella Sistina, Vatican",https://www.wga.hu/html/b/botticel/4sistina/moses/moses.html,https://www.wga.hu/art/b/botticel/4sistina/moses/moses.jpg,religious,"Botticelli learned the basic techniques associated with fresco painting while working for his teacher, Filippo Lippi. We know of documents, telling of paintings that have since been destroyed, that Botticelli was greatly in demand as a master of fresco paintings during the last three decades of the Quattrocento. He painted for the Vespucci family the St Augustine in the church of Ognissanti. It was created in competition withÃÂ Ghirlandaio's frescoÃÂ of St Jerome.",0
108,108,"BOTTICELLI, Sandro",9,Primavera,1482,"Tempera on panel, 203 x 314 cm","Galleria degli Uffizi, Florence",https://www.wga.hu/html/b/botticel/5allegor/10primav.html,https://www.wga.hu/art/b/botticel/5allegor/10primav.jpg,mythological,"Botticelli learned the basic techniques associated with fresco painting while working for his teacher, Filippo Lippi. We know of documents, telling of paintings that have since been destroyed, that Botticelli was greatly in demand as a master of fresco paintings during the last three decades of the Quattrocento. He painted for the Vespucci family the St Augustine in the church of Ognissanti. It was created in competition withÃÂ Ghirlandaio's frescoÃÂ of St Jerome.",1
109,109,"BOTTICELLI, Sandro",9,Christ Crowned with Thorns,1500,"Tempera on panel, 47,6 x 32,3 cm","Accademia Carrara, Bergamo",https://www.wga.hu/html/b/botticel/91late/08christ.html,https://www.wga.hu/art/b/botticel/91late/08christ.jpg,religious,"Botticelli learned the basic techniques associated with fresco painting while working for his teacher, Filippo Lippi. We know of documents, telling of paintings that have since been destroyed, that Botticelli was greatly in demand as a master of fresco paintings during the last three decades of the Quattrocento. He painted for the Vespucci family the St Augustine in the church of Ognissanti. It was created in competition withÃÂ Ghirlandaio's frescoÃÂ of St Jerome.",1
110,110,"BOTTICELLI, Sandro",9,The Mystical Nativity,1500,"Tempera on canvas, 109 x 75 cm","National Gallery, London",https://www.wga.hu/html/b/botticel/91late/130nativi.html,https://www.wga.hu/art/b/botticel/91late/130nativi.jpg,religious,"Botticelli learned the basic techniques associated with fresco painting while working for his teacher, Filippo Lippi. We know of documents, telling of paintings that have since been destroyed, that Botticelli was greatly in demand as a master of fresco paintings during the last three decades of the Quattrocento. He painted for the Vespucci family the St Augustine in the church of Ognissanti. It was created in competition withÃÂ Ghirlandaio's frescoÃÂ of St Jerome.",1
